<?xml version="1.0" encoding="utf-8"?>
<merger version="3"><dataSet config="22.1.0"><source path="/Users/Valentin/Google Drive/ETH/HS15/DS/Project/air_hockey/android/build/intermediates/exploded-aar/com.android.support/support-v4/22.1.0/assets"/></dataSet><dataSet config="22.1.0"><source path="/Users/Valentin/Google Drive/ETH/HS15/DS/Project/air_hockey/android/build/intermediates/exploded-aar/com.android.support/appcompat-v7/22.1.0/assets"/></dataSet><dataSet config="main"><source path="/Users/Valentin/Google Drive/ETH/HS15/DS/Project/air_hockey/android/assets"><file name="badlogic.jpg" path="/Users/Valentin/Google Drive/ETH/HS15/DS/Project/air_hockey/android/assets/badlogic.jpg"/><file name="circle-256.png" path="/Users/Valentin/Google Drive/ETH/HS15/DS/Project/air_hockey/android/assets/circle-256.png"/></source></dataSet><dataSet config="debug"><source path="/Users/Valentin/Google Drive/ETH/HS15/DS/Project/air_hockey/android/src/debug/assets"/></dataSet></merger>